time	elapsed_s	rss_mb	hwm_mb	threads	def_status	segments	registry	pg_rss_mb
09:32:24	0	32	34	17		1@0:active:0 	1 	548
09:32:26	2	20	34	17		1@0:active:0 	1 	595
09:32:28	4	24	34	34		1@0:active:0 	1 	1500
09:32:30	6	25	34	34		1@0:active:0 	1 	1694
09:32:32	8	26	34	34		1@0:active:1712 	1 	2385
09:32:34	10	207	238	34		1@0:draining:3698 2@1:active:2083 	2 	3652
09:32:37	13	202	238	34		1@0:draining:3698 2@1:active:6131 	2 	4159
09:32:39	15	234	238	34		1@0:draining:3698 2@1:sealed:9083 3@2:active:1103 	3 	4548
09:32:41	17	277	289	34		1@0:drained:3698 2@1:draining:9083 3@2:draining:2478 4@3:active:2690 	4 	4386
09:32:43	19	324	325	34		1@0:drained:3698 2@1:draining:9083 3@2:draining:2478 4@3:active:6754 	4 	4939
09:32:45	21	355	355	34		1@0:drained:3698 2@1:draining:9083 3@2:draining:2478 4@3:active:10813 	4 	5352
09:32:47	23	375	375	34		1@0:drained:3698 2@1:draining:9083 3@2:draining:2478 4@3:active:14865 	4 	5783
09:32:49	25	391	391	34		1@0:drained:3698 2@1:draining:9083 3@2:draining:2478 4@3:active:18932 	4 	6165
09:32:51	27	383	390	34		1@0:drained:3698 2@1:draining:9083 3@2:draining:2478 4@3:active:23003 	4 	6503
09:32:53	29	408	408	34		1@0:drained:3698 2@1:draining:9083 3@2:draining:2478 4@3:active:27040 	4 	6817
09:32:55	31	427	427	34		1@0:drained:3698 2@1:draining:9083 3@2:draining:2478 4@3:active:31135 	4 	7109
09:32:57	33	434	434	34		1@0:drained:3698 2@1:draining:9083 3@2:draining:2478 4@3:active:35208 	4 	7406
09:32:59	35	439	439	34		1@0:drained:3698 2@1:draining:9083 3@2:draining:2478 4@3:active:39280 	4 	7683
09:33:01	37	444	444	34		1@0:drained:3698 2@1:draining:9083 3@2:draining:2478 4@3:active:43355 	4 	7965
09:33:03	39	445	446	34		1@0:drained:3698 2@1:draining:9083 3@2:draining:2478 4@3:active:47421 	4 	8246
09:33:05	41	433	449	34		1@0:drained:3698 2@1:draining:9083 3@2:draining:2478 4@3:active:51492 	4 	8770
09:33:07	43	456	456	34		1@0:drained:3698 2@1:draining:9083 3@2:draining:2478 4@3:active:55572 	4 	8789
09:33:09	45	445	455	34		1@0:drained:3698 2@1:draining:9083 3@2:draining:2478 4@3:active:59647 	4 	9100
09:33:11	47	438	455	34		1@0:drained:3698 2@1:draining:9083 3@2:draining:2478 4@3:active:63736 	4 	9618
09:33:13	49	428	455	34		1@0:drained:3698 2@1:drained:9083 3@2:draining:2478 4@3:active:67707 	4 	10360
09:33:15	51	623	623	34		3@2:drained:2478 4@3:draining:68295 5@0:active:3594 	3 	11263
09:33:17	53	677	681	34		3@2:drained:2478 4@3:draining:68295 5@0:draining:4958 6@1:active:2719 	4 	12119
09:33:19	55	677	681	34		3@2:drained:2478 4@3:drained:68295 5@0:draining:4958 6@1:active:6757 	4 	12349
09:33:21	57	733	733	34		4@3:drained:68295 5@0:draining:4958 6@1:draining:7313 7@2:active:3569 	4 	13444
09:33:23	59	738	738	34		4@3:drained:68295 5@0:draining:4958 6@1:draining:7313 7@2:active:7653 	4 	13677
09:33:25	61	754	754	34		4@3:drained:68295 5@0:draining:4958 6@1:draining:7313 7@2:active:11717 	4 	14039
09:33:27	63	755	755	34		4@3:drained:68295 5@0:draining:4958 6@1:draining:7313 7@2:active:15806 	4 	14573
09:33:29	65	769	769	34		4@3:drained:68295 5@0:draining:4958 6@1:draining:7313 7@2:active:19886 	4 	14999
09:33:32	68	787	787	34		4@3:drained:68295 5@0:draining:4958 6@1:draining:7313 7@2:active:23971 	4 	15295
09:33:34	70	788	788	34		4@3:drained:68295 5@0:draining:4958 6@1:draining:7313 7@2:active:28059 	4 	15580
09:33:36	72	770	787	34		4@3:drained:68295 5@0:draining:4958 6@1:draining:7313 7@2:active:32147 	4 	15856
09:33:38	74	773	787	34		4@3:drained:68295 5@0:draining:4958 6@1:draining:7313 7@2:active:36224 	4 	16101
09:33:40	76	773	787	34		4@3:drained:68295 5@0:draining:4958 6@1:draining:7313 7@2:active:40315 	4 	16313
09:33:42	78	773	787	34		4@3:drained:68295 5@0:draining:4958 6@1:draining:7313 7@2:active:44407 	4 	16512
09:33:44	80	773	787	34		4@3:drained:68295 5@0:draining:4958 6@1:draining:7313 7@2:active:48492 	4 	16715
09:33:46	82	773	787	34		4@3:drained:68295 5@0:draining:4958 6@1:draining:7313 7@2:active:52580 	4 	17320
09:33:48	84	773	787	34		4@3:drained:68295 5@0:draining:4958 6@1:draining:7313 7@2:active:56649 	4 	17702
09:33:50	86	775	787	34		4@3:drained:68295 5@0:draining:4958 6@1:draining:7313 7@2:active:60760 	4 	18034
09:33:52	88	777	787	34		4@3:drained:68295 5@0:draining:4958 6@1:draining:7313 7@2:active:64854 	4 	18306
09:33:54	90	778	787	34		4@3:drained:68295 5@0:draining:4958 6@1:draining:7313 7@2:active:68958 	4 	18604
09:33:56	92	782	787	34		4@3:drained:68295 5@0:draining:4958 6@1:draining:7313 7@2:active:73042 	4 	18865
09:33:58	94	784	787	34		4@3:drained:68295 5@0:draining:4958 6@1:draining:7313 7@2:active:77142 	4 	19177
09:34:00	96	793	793	34		4@3:drained:68295 5@0:draining:4958 6@1:draining:7313 7@2:active:81231 	4 	19481
09:34:02	98	794	794	34		4@3:drained:68295 5@0:draining:4958 6@1:draining:7313 7@2:active:85287 	4 	19707
09:34:04	100	808	808	34		4@3:drained:68295 5@0:draining:4958 6@1:draining:7313 7@2:active:89446 	4 	20644
09:34:06	102	807	807	34		4@3:drained:68295 5@0:draining:4958 6@1:draining:7313 7@2:active:93556 	4 	20134
09:34:08	104	821	821	34		4@3:drained:68295 5@0:draining:4958 6@1:draining:7313 7@2:active:97656 	4 	21226
09:34:10	106	811	820	34		4@3:drained:68295 5@0:draining:4958 6@1:draining:7313 7@2:active:101751 	4 	20589
09:34:13	109	811	820	34		4@3:drained:68295 5@0:draining:4958 6@1:draining:7313 7@2:active:105821 	4 	20711
09:34:15	111	811	820	34		4@3:drained:68295 5@0:draining:4958 6@1:draining:7313 7@2:active:109961 	4 	20828
09:34:17	113	813	820	34		4@3:drained:68295 5@0:draining:4958 6@1:draining:7313 7@2:active:114090 	4 	20919
09:34:19	115	813	820	34		4@3:drained:68295 5@0:draining:4958 6@1:draining:7313 7@2:active:118197 	4 	21000
09:34:21	117	816	820	34		4@3:drained:68295 5@0:draining:4958 6@1:draining:7313 7@2:active:122282 	4 	20000
09:34:23	119	816	820	34		4@3:drained:68295 5@0:draining:4958 6@1:draining:7313 7@2:active:126402 	4 	20030
09:34:25	121	821	821	34		4@3:drained:68295 5@0:draining:4958 6@1:draining:7313 7@2:active:130496 	4 	20066
09:34:27	123	818	820	34		4@3:drained:68295 5@0:draining:4958 6@1:draining:7313 7@2:active:134600 	4 	20004
09:34:29	125	818	820	34		4@3:drained:68295 5@0:draining:4958 6@1:draining:7313 7@2:active:138707 	4 	20064
09:34:31	127	818	820	34		4@3:drained:68295 5@0:draining:4958 6@1:draining:7313 7@2:active:142810 	4 	20099
09:34:33	129	818	820	34		4@3:drained:68295 5@0:draining:4958 6@1:draining:7313 7@2:active:146907 	4 	20146
09:34:35	131	818	820	34		4@3:drained:68295 5@0:draining:4958 6@1:draining:7313 7@2:active:151018 	4 	20199
09:34:37	133	818	820	34		4@3:drained:68295 5@0:draining:4958 6@1:draining:7313 7@2:active:155132 	4 	20254
09:34:39	135	818	820	34		4@3:drained:68295 5@0:draining:4958 6@1:draining:7313 7@2:active:159235 	4 	20298
09:34:41	137	821	821	34		4@3:drained:68295 5@0:draining:4958 6@1:draining:7313 7@2:active:163353 	4 	20336
09:34:43	139	818	820	34		4@3:drained:68295 5@0:draining:4958 6@1:draining:7313 7@2:active:167456 	4 	20381
09:34:45	141	818	820	34		4@3:drained:68295 5@0:draining:4958 6@1:draining:7313 7@2:active:171565 	4 	21023
09:34:47	143	828	828	34		4@3:drained:68295 5@0:draining:4958 6@1:draining:7313 7@2:active:175682 	4 	21464
09:34:50	146	828	828	34		4@3:drained:68295 5@0:draining:4958 6@1:draining:7313 7@2:active:179747 	4 	21559
09:34:52	148	823	826	34		4@3:drained:68295 5@0:draining:4958 6@1:draining:7313 7@2:active:183897 	4 	20527
09:34:54	150	823	826	34		4@3:drained:68295 5@0:draining:4958 6@1:draining:7313 7@2:active:187991 	4 	20564
09:34:56	152	823	826	34		4@3:drained:68295 5@0:draining:4958 6@1:draining:7313 7@2:active:192096 	4 	20582
09:34:58	154	827	827	34		4@3:drained:68295 5@0:draining:4958 6@1:draining:7313 7@2:active:196209 	4 	20619
09:35:00	156	827	827	34		4@3:drained:68295 5@0:draining:4958 6@1:draining:7313 7@2:active:200295 	4 	20843
09:35:02	158	827	827	34		4@3:drained:68295 5@0:draining:4958 6@1:draining:7313 7@2:active:204404 	4 	20675
09:35:04	160	832	832	34		4@3:drained:68295 5@0:draining:4958 6@1:draining:7313 7@2:active:208501 	4 	21148
09:35:06	162	829	831	34		4@3:drained:68295 5@0:draining:4958 6@1:draining:7313 7@2:active:212629 	4 	20718
09:35:08	164	829	831	34		4@3:drained:68295 5@0:draining:4958 6@1:draining:7313 7@2:active:216728 	4 	20732
09:35:10	166	829	831	34		4@3:drained:68295 5@0:draining:4958 6@1:draining:7313 7@2:active:220810 	4 	22003
09:35:13	169	829	831	34		4@3:drained:68295 5@0:draining:4958 6@1:draining:7313 7@2:active:224266 	4 	20764
09:35:15	171	829	831	34		4@3:drained:68295 5@0:draining:4958 6@1:draining:7313 7@2:active:230661 	4 	20795
09:35:17	173	829	831	34		4@3:drained:68295 5@0:draining:4958 6@1:draining:7313 7@2:active:234743 	4 	21290
09:35:19	175	829	831	34		4@3:drained:68295 5@0:draining:4958 6@1:draining:7313 7@2:active:238873 	4 	21982
09:35:21	177	829	831	34		4@3:drained:68295 5@0:draining:4958 6@1:draining:7313 7@2:active:242527 	4 	20845
09:35:23	179	829	831	34		4@3:drained:68295 5@0:draining:4958 6@1:draining:7313 7@2:active:247098 	4 	20877
09:35:25	181	831	831	34		4@3:drained:68295 5@0:draining:4958 6@1:draining:7313 7@2:active:251228 	4 	20892
09:35:27	183	831	831	34		4@3:drained:68295 5@0:draining:4958 6@1:draining:7313 7@2:active:254853 	4 	20905
09:35:29	185	831	831	34		4@3:drained:68295 5@0:draining:4958 6@1:draining:7313 7@2:active:259481 	4 	20933
09:35:31	187	831	831	34		4@3:drained:68295 5@0:draining:4958 6@1:draining:7313 7@2:active:263439 	4 	22122
09:35:34	190	831	831	34		4@3:drained:68295 5@0:draining:4958 6@1:draining:7313 7@2:active:267598 	4 	20995
09:35:36	192	831	831	34		4@3:drained:68295 5@0:draining:4958 6@1:draining:7313 7@2:active:271770 	4 	21209
09:35:38	194	837	837	34		4@3:drained:68295 5@0:draining:4958 6@1:draining:7313 7@2:active:275905 	4 	21797
09:35:40	196	837	837	34		4@3:drained:68295 5@0:draining:4958 6@1:draining:7313 7@2:active:280023 	4 	21055
09:35:42	198	837	837	34		4@3:drained:68295 5@0:draining:4958 6@1:draining:7313 7@2:active:284191 	4 	21070
09:35:44	200	845	845	34		4@3:drained:68295 5@0:draining:4958 6@1:draining:7313 7@2:active:288304 	4 	21085
09:35:46	202	845	845	34		4@3:drained:68295 5@0:draining:4958 6@1:draining:7313 7@2:active:292117 	4 	21874
09:35:48	204	839	844	34		4@3:drained:68295 5@0:draining:4958 6@1:draining:7313 7@2:active:296480 	4 	23143
09:35:50	206	839	844	34		4@3:drained:68295 5@0:draining:4958 6@1:draining:7313 7@2:active:300283 	4 	22179
09:35:52	208	839	844	34		4@3:drained:68295 5@0:draining:4958 6@1:draining:7313 7@2:active:304767 	4 	21170
09:35:54	210	839	844	34		4@3:drained:68295 5@0:draining:4958 6@1:draining:7313 7@2:active:308907 	4 	21184
09:35:56	212	842	844	34		4@3:drained:68295 5@0:draining:4958 6@1:draining:7313 7@2:active:312967 	4 	21198
09:35:58	214	842	844	34		4@3:drained:68295 5@0:draining:4958 6@1:draining:7313 7@2:active:317004 	4 	21208
09:36:00	216	842	844	34		4@3:drained:68295 5@0:draining:4958 6@1:draining:7313 7@2:active:321237 	4 	21878
09:36:02	218	842	844	34		4@3:drained:68295 5@0:draining:4958 6@1:draining:7313 7@2:active:324962 	4 	21369
09:36:05	221	842	844	34		4@3:drained:68295 5@0:draining:4958 6@1:draining:7313 7@2:active:329526 	4 	21262
09:36:07	223	842	844	34		4@3:drained:68295 5@0:draining:4958 6@1:draining:7313 7@2:active:332517 	4 	21287
09:36:09	225	842	844	34		4@3:drained:68295 5@0:draining:4958 6@1:draining:7313 7@2:active:337324 	4 	22070
09:36:11	227	842	844	34		4@3:drained:68295 5@0:draining:4958 6@1:draining:7313 7@2:active:341875 	4 	21326
09:36:13	229	842	844	34		4@3:drained:68295 5@0:draining:4958 6@1:draining:7313 7@2:active:345987 	4 	21623
09:36:15	231	842	844	34		4@3:drained:68295 5@0:draining:4958 6@1:draining:7313 7@2:active:349253 	4 	21363
09:36:17	233	842	844	34		4@3:drained:68295 5@0:draining:4958 6@1:draining:7313 7@2:active:354218 	4 	21401
09:36:19	235	842	844	34		4@3:drained:68295 5@0:draining:4958 6@1:draining:7313 7@2:active:358372 	4 	21444
09:36:21	237	842	844	34		4@3:drained:68295 5@0:draining:4958 6@1:draining:7313 7@2:active:362502 	4 	21726
09:36:23	239	842	844	34		4@3:drained:68295 5@0:draining:4958 6@1:draining:7313 7@2:active:366282 	4 	21476
09:36:25	241	842	844	34		4@3:drained:68295 5@0:draining:4958 6@1:draining:7313 7@2:active:370697 	4 	22381
09:36:27	243	863	863	34		4@3:drained:68295 5@0:draining:4958 6@1:draining:7313 7@2:active:374873 	4 	21511
09:36:29	245	863	863	34		4@3:drained:68295 5@0:draining:4958 6@1:draining:7313 7@2:active:378954 	4 	21533
09:36:31	247	863	863	34		4@3:drained:68295 5@0:draining:4958 6@1:draining:7313 7@2:active:382847 	4 	21658
09:36:33	249	863	863	34		4@3:drained:68295 5@0:draining:4958 6@1:draining:7313 7@2:active:387234 	4 	21564
09:36:36	252	842	862	34		4@3:drained:68295 5@0:draining:4958 6@1:draining:7313 7@2:active:391380 	4 	21579
09:36:38	254	842	862	34		4@3:drained:68295 5@0:draining:4958 6@1:draining:7313 7@2:active:394536 	4 	22314
09:36:40	256	842	862	34		4@3:drained:68295 5@0:draining:4958 6@1:draining:7313 7@2:active:399489 	4 	21616
09:36:42	258	842	862	34		4@3:drained:68295 5@0:draining:4958 6@1:draining:7313 7@2:active:403759 	4 	21633
09:36:44	260	842	862	34		4@3:drained:68295 5@0:draining:4958 6@1:draining:7313 7@2:active:407883 	4 	22585
09:36:46	262	842	862	34		4@3:drained:68295 5@0:draining:4958 6@1:draining:7313 7@2:active:411990 	4 	22549
09:36:48	264	842	862	34		4@3:drained:68295 5@0:draining:4958 6@1:draining:7313 7@2:active:416331 	4 	22677
09:36:50	266	842	862	34		4@3:drained:68295 5@0:draining:4958 6@1:draining:7313 7@2:active:420331 	4 	22738
09:36:52	268	842	862	34		4@3:drained:68295 5@0:draining:4958 6@1:draining:7313 7@2:active:424738 	4 	23032
09:36:54	270	847	862	34		4@3:drained:68295 5@0:draining:4958 6@1:draining:7313 7@2:active:428872 	4 	21765
09:36:56	272	847	862	34		4@3:drained:68295 5@0:draining:4958 6@1:draining:7313 7@2:active:433003 	4 	21780
09:36:58	274	847	862	34		4@3:drained:68295 5@0:draining:4958 6@1:draining:7313 7@2:active:436011 	4 	22259
09:37:01	277	848	862	34		4@3:drained:68295 5@0:draining:4958 6@1:draining:7313 7@2:active:441268 	4 	21809
09:37:03	279	848	862	34		4@3:drained:68295 5@0:draining:4958 6@1:draining:7313 7@2:active:445384 	4 	21823
09:37:05	281	855	862	34		4@3:drained:68295 5@0:draining:4958 6@1:draining:7313 7@2:active:448564 	4 	21836
09:37:07	283	855	862	34		4@3:drained:68295 5@0:draining:4958 6@1:draining:7313 7@2:active:452282 	4 	21846
09:37:09	285	855	862	34		4@3:drained:68295 5@0:draining:4958 6@1:draining:7313 7@2:active:457728 	4 	22607
09:37:11	287	855	862	34		4@3:drained:68295 5@0:draining:4958 6@1:draining:7313 7@2:active:460590 	4 	22824
09:37:13	289	855	862	34		4@3:drained:68295 5@0:draining:4958 6@1:draining:7313 7@2:active:465780 	4 	21936
09:37:15	291	855	862	34		4@3:drained:68295 5@0:draining:4958 6@1:draining:7313 7@2:active:470142 	4 	21958
09:37:17	293	855	862	34		4@3:drained:68295 5@0:draining:4958 6@1:draining:7313 7@2:active:472989 	4 	21970
09:37:19	295	859	862	34		4@3:drained:68295 5@0:draining:4958 6@1:draining:7313 7@2:active:478379 	4 	22059
09:37:21	297	859	862	34		4@3:drained:68295 5@0:draining:4958 6@1:draining:7313 7@2:active:482533 	4 	21994
09:37:23	299	859	862	34		4@3:drained:68295 5@0:draining:4958 6@1:draining:7313 7@2:active:486547 	4 	22003
09:37:25	301	859	862	34		4@3:drained:68295 5@0:draining:4958 6@1:draining:7313 7@2:active:490768 	4 	22081
09:37:27	303	851	862	34		4@3:drained:68295 5@0:draining:4958 6@1:draining:7313 7@2:active:494895 	4 	22215
09:37:30	306	851	862	34		4@3:drained:68295 5@0:draining:4958 6@1:draining:7313 7@2:active:499041 	4 	22947
09:37:32	308	851	862	34		4@3:drained:68295 5@0:draining:4958 6@1:draining:7313 7@2:active:503206 	4 	22090
09:37:34	310	851	862	34		4@3:drained:68295 5@0:draining:4958 6@1:draining:7313 7@2:active:507139 	4 	22114
09:37:36	312	851	862	34		4@3:drained:68295 5@0:draining:4958 6@1:draining:7313 7@2:active:511341 	4 	22135
09:37:38	314	851	862	34		4@3:drained:68295 5@0:draining:4958 6@1:draining:7313 7@2:active:515584 	4 	22356
09:37:40	316	851	862	34		4@3:drained:68295 5@0:draining:4958 6@1:draining:7313 7@2:active:519714 	4 	22691
09:37:42	318	851	862	34		4@3:drained:68295 5@0:draining:4958 6@1:draining:7313 7@2:active:523791 	4 	22207
09:37:44	320	851	862	34		4@3:drained:68295 5@0:draining:4958 6@1:draining:7313 7@2:active:527750 	4 	22788
09:37:46	322	851	862	34		4@3:drained:68295 5@0:draining:4958 6@1:draining:7313 7@2:active:532146 	4 	23745
09:37:48	324	851	862	34		4@3:drained:68295 5@0:draining:4958 6@1:draining:7313 7@2:active:536272 	4 	23232
09:37:50	326	851	862	34		4@3:drained:68295 5@0:draining:4958 6@1:draining:7313 7@2:active:540192 	4 	23277
09:37:52	328	851	862	34		4@3:drained:68295 5@0:draining:4958 6@1:draining:7313 7@2:active:543899 	4 	23310
09:37:54	330	851	862	34		4@3:drained:68295 5@0:draining:4958 6@1:draining:7313 7@2:active:548702 	4 	22459
09:37:56	332	851	862	34		4@3:drained:68295 5@0:draining:4958 6@1:draining:7313 7@2:active:552815 	4 	22642
09:37:59	335	861	862	34		4@3:drained:68295 5@0:draining:4958 6@1:draining:7313 7@2:active:557001 	4 	22920
09:38:01	337	861	862	34		4@3:drained:68295 5@0:draining:4958 6@1:draining:7313 7@2:active:560656 	4 	22375
09:38:03	339	861	862	34		4@3:drained:68295 5@0:draining:4958 6@1:draining:7313 7@2:active:565294 	4 	22408
09:38:05	341	861	862	34		4@3:drained:68295 5@0:draining:4958 6@1:draining:7313 7@2:active:569341 	4 	22428
09:38:07	343	861	862	34		4@3:drained:68295 5@0:draining:4958 6@1:draining:7313 7@2:active:573565 	4 	22441
09:38:09	345	861	862	34		4@3:drained:68295 5@0:draining:4958 6@1:draining:7313 7@2:active:577164 	4 	22449
09:38:11	347	861	862	34		4@3:drained:68295 5@0:draining:4958 6@1:draining:7313 7@2:active:581860 	4 	22466
09:38:13	349	861	862	34		4@3:drained:68295 5@0:draining:4958 6@1:draining:7313 7@2:active:585881 	4 	22480
09:38:15	351	861	862	34		4@3:drained:68295 5@0:draining:4958 6@1:draining:7313 7@2:active:590151 	4 	22490
09:38:17	353	861	862	34		4@3:drained:68295 5@0:draining:4958 6@1:draining:7313 7@2:active:594279 	4 	22502
09:38:19	355	861	862	34		4@3:drained:68295 5@0:draining:4958 6@1:draining:7313 7@2:active:598312 	4 	22509
09:38:21	357	861	862	34		4@3:drained:68295 5@0:draining:4958 6@1:draining:7313 7@2:active:602583 	4 	22528
09:38:23	359	861	862	34		4@3:drained:68295 5@0:draining:4958 6@1:draining:7313 7@2:active:606694 	4 	22893
09:38:26	362	861	862	34		6@1:drained:7313 7@2:sealed:607005 8@3:active:3838 	3 	23886
09:38:28	364	1247	1249	34		6@1:drained:7313 7@2:draining:607005 8@3:active:6305 	3 	24017
09:38:30	366	1722	1750	34		6@1:drained:7313 7@2:draining:607005 8@3:active:12092 	3 	23901
09:38:32	368	2234	2234	34		6@1:drained:7313 7@2:draining:607005 8@3:active:14425 	3 	24245
09:38:34	370	2693	2693	34		6@1:drained:7313 7@2:draining:607005 8@3:sealed:18434 9@0:active:1813 	4 	23579
09:38:36	372	3268	3268	34		6@1:drained:7313 7@2:draining:607005 8@3:draining:18434 9@0:active:2974 	4 	23605
09:38:39	375	3327	3351	34		6@1:drained:7313 7@2:draining:607005 8@3:draining:18434 9@0:active:4918 	4 	23704
09:38:41	377	3410	3411	34		6@1:drained:7313 7@2:draining:607005 8@3:draining:18434 9@0:active:5317 	4 	23751
09:38:43	379	3360	3429	34		6@1:drained:7313 7@2:draining:607005 8@3:draining:18434 9@0:active:5947 	4 	24001
09:38:45	381	3295	3429	34		6@1:drained:7313 7@2:draining:607005 8@3:draining:18434 9@0:active:13287 	4 	24745
09:38:47	383	3226	3429	34		6@1:drained:7313 7@2:draining:607005 8@3:draining:18434 9@0:active:19754 	4 	24865
09:38:49	385	3160	3429	34		6@1:drained:7313 7@2:draining:607005 8@3:draining:18434 9@0:active:28338 	4 	24984
09:38:52	388	3094	3429	34		6@1:drained:7313 7@2:draining:607005 8@3:draining:18434 9@0:active:37142 	4 	25207
09:38:54	390	3047	3429	34		6@1:drained:7313 7@2:draining:607005 8@3:draining:18434 9@0:active:41035 	4 	25136
09:38:56	392	2881	3429	34		6@1:drained:7313 7@2:draining:607005 8@3:draining:18434 9@0:active:44191 	4 	24907
09:38:58	394	2890	3429	34		6@1:drained:7313 7@2:draining:607005 8@3:draining:18434 9@0:active:49540 	4 	25344
09:39:00	396	2890	3429	34		6@1:drained:7313 7@2:draining:607005 8@3:draining:18434 9@0:active:52802 	4 	24989
09:39:02	398	2865	3429	34		6@1:drained:7313 7@2:draining:607005 8@3:draining:18434 9@0:active:57448 	4 	25709
09:39:04	400	2761	3429	34		6@1:drained:0 7@2:drained:607005 8@3:draining:18434 9@0:active:60662 	4 	25105
09:39:06	402	2765	3429	34		7@2:drained:607005 8@3:draining:18434 9@0:draining:60894 10@1:active:5413 	4 	25023
09:39:08	404	2769	3429	34		7@2:drained:607005 8@3:draining:18434 9@0:draining:60894 10@1:active:6946 	4 	26315
09:39:10	406	2777	3429	34		8@3:drained:18434 9@0:draining:60894 10@1:sealed:9024 11@2:active:1735 	4 	25090
09:39:12	408	2780	3429	34		8@3:drained:18434 9@0:draining:60894 10@1:draining:9024 11@2:active:8652 	4 	25045
09:39:14	410	2780	3429	34		8@3:drained:18434 9@0:draining:60894 10@1:draining:9024 11@2:active:12873 	4 	26539
09:39:16	412	2786	3429	34		9@0:drained:60894 10@1:draining:9024 11@2:draining:14141 12@3:active:1338 	4 	26484
09:39:18	414	2783	3429	34		9@0:drained:60894 10@1:draining:9024 11@2:draining:14141 12@3:active:6819 	4 	25576
09:39:21	417	2783	3429	34		9@0:drained:60894 10@1:draining:9024 11@2:draining:14141 12@3:active:10949 	4 	25107
09:39:23	419	2783	3429	34		9@0:drained:60894 10@1:draining:9024 11@2:draining:14141 12@3:active:13984 	4 	26277
09:39:25	421	2798	3429	34		9@0:drained:60894 10@1:draining:9024 11@2:draining:14141 12@3:active:19095 	4 	25127
09:39:27	423	2804	3429	34		9@0:drained:60894 10@1:draining:9024 11@2:draining:14141 12@3:active:21662 	4 	26050
09:39:29	425	2804	3429	34		9@0:drained:60894 10@1:draining:9024 11@2:draining:14141 12@3:active:26692 	4 	25145
09:39:31	427	2804	3429	34		9@0:drained:60894 10@1:draining:9024 11@2:draining:14141 12@3:active:31350 	4 	25154
09:39:33	429	2804	3429	34		9@0:drained:60894 10@1:draining:9024 11@2:draining:14141 12@3:active:35349 	4 	25162
09:39:35	431	2804	3429	34		9@0:drained:60894 10@1:draining:9024 11@2:draining:14141 12@3:active:39529 	4 	26162
09:39:37	433	2811	3429	34		9@0:drained:60894 10@1:draining:9024 11@2:draining:14141 12@3:active:43695 	4 	26429
09:39:39	435	2805	3429	34		9@0:drained:60894 10@1:draining:9024 11@2:draining:14141 12@3:active:47769 	4 	25188
09:39:41	437	2823	3429	34		9@0:drained:60894 10@1:draining:9024 11@2:draining:14141 12@3:active:51919 	4 	25313
09:39:43	439	2823	3429	34		9@0:drained:60894 10@1:draining:9024 11@2:draining:14141 12@3:active:55975 	4 	25202
09:39:45	441	2823	3429	34		9@0:drained:60894 10@1:draining:9024 11@2:draining:14141 12@3:active:58790 	4 	25564
09:39:47	443	2823	3429	34		9@0:drained:60894 10@1:draining:9024 11@2:draining:14141 12@3:active:63297 	4 	25788
09:39:49	445	2823	3429	34		9@0:drained:60894 10@1:draining:9024 11@2:draining:14141 12@3:active:68352 	4 	25913
09:39:51	447	2823	3429	34		9@0:drained:60894 10@1:draining:9024 11@2:draining:14141 12@3:active:71431 	4 	25977
09:39:53	449	2823	3429	34		9@0:drained:60894 10@1:draining:9024 11@2:draining:14141 12@3:active:76006 	4 	25234
09:39:56	452	2823	3429	34		9@0:drained:60894 10@1:draining:9024 11@2:draining:14141 12@3:active:80683 	4 	26385
09:39:58	454	2801	3429	34		9@0:drained:60894 10@1:draining:9024 11@2:draining:14141 12@3:active:84786 	4 	24440
09:40:00	456	2801	3429	34		9@0:drained:60894 10@1:draining:9024 11@2:draining:14141 12@3:active:88156 	4 	24768
09:40:02	458	2801	3429	34		9@0:drained:60894 10@1:draining:9024 11@2:draining:14141 12@3:active:92828 	4 	25042
09:40:04	460	2801	3429	34		9@0:drained:60894 10@1:draining:9024 11@2:draining:14141 12@3:active:97008 	4 	25295
09:40:06	462	2801	3429	34		9@0:drained:60894 10@1:draining:9024 11@2:draining:14141 12@3:active:101255 	4 	25172
09:40:08	464	2801	3429	34		9@0:drained:60894 10@1:draining:9024 11@2:draining:14141 12@3:active:105376 	4 	25180
09:40:10	466	2801	3429	34		9@0:drained:60894 10@1:draining:9024 11@2:draining:14141 12@3:active:109413 	4 	24205
09:40:12	468	2801	3429	34		9@0:drained:60894 10@1:draining:9024 11@2:draining:14141 12@3:active:114008 	4 	25291
09:40:14	470	2806	3429	34		9@0:drained:60894 10@1:draining:9024 11@2:draining:14141 12@3:active:118106 	4 	25154
09:40:16	472	2803	3429	34		9@0:drained:60894 10@1:draining:9024 11@2:draining:14141 12@3:active:121457 	4 	24644
09:40:18	474	2803	3429	34		9@0:drained:60894 10@1:draining:9024 11@2:draining:14141 12@3:active:126363 	4 	24409
09:40:21	477	2803	3429	34		9@0:drained:60894 10@1:draining:9024 11@2:draining:14141 12@3:active:130305 	4 	24058
09:40:23	479	2803	3429	34		9@0:drained:60894 10@1:draining:9024 11@2:draining:14141 12@3:active:134697 	4 	24063
09:40:25	481	2803	3429	34		9@0:drained:60894 10@1:draining:9024 11@2:draining:14141 12@3:active:138839 	4 	25431
09:40:27	483	2803	3429	34		9@0:drained:60894 10@1:draining:9024 11@2:draining:14141 12@3:active:141887 	4 	24481
09:40:29	485	2819	3429	34		9@0:drained:60894 10@1:draining:9024 11@2:draining:14141 12@3:active:147042 	4 	24171
09:40:31	487	2822	3429	34		9@0:drained:60894 10@1:draining:9024 11@2:draining:14141 12@3:active:151244 	4 	24021
09:40:33	489	2822	3429	34		9@0:drained:60894 10@1:draining:9024 11@2:draining:14141 12@3:active:155141 	4 	24026
09:40:35	491	2822	3429	34		9@0:drained:60894 10@1:draining:9024 11@2:draining:14141 12@3:active:159922 	4 	24030
09:40:37	493	2822	3429	34		9@0:drained:60894 10@1:draining:9024 11@2:draining:14141 12@3:active:163985 	4 	24034
09:40:40	496	2822	3429	34		9@0:drained:60894 10@1:draining:9024 11@2:draining:14141 12@3:active:168229 	4 	24758
09:40:42	498	2824	3429	34		9@0:drained:60894 10@1:draining:9024 11@2:draining:14141 12@3:active:172364 	4 	24041
09:40:44	500	2824	3429	34		9@0:drained:60894 10@1:draining:9024 11@2:draining:14141 12@3:active:175645 	4 	24045
09:40:46	502	2824	3429	34		9@0:drained:60894 10@1:draining:9024 11@2:draining:14141 12@3:active:180654 	4 	25996
09:40:48	504	2824	3429	34		9@0:drained:60894 10@1:draining:9024 11@2:draining:14141 12@3:active:184780 	4 	25085
09:40:50	506	2824	3429	34		9@0:drained:60894 10@1:draining:9024 11@2:draining:14141 12@3:active:188903 	4 	24806
09:40:52	508	2824	3429	34		9@0:drained:60894 10@1:draining:9024 11@2:draining:14141 12@3:active:192746 	4 	25004
09:40:54	510	2824	3429	34		9@0:drained:60894 10@1:draining:9024 11@2:draining:14141 12@3:active:197148 	4 	24847
09:40:56	512	2824	3429	34		9@0:drained:60894 10@1:draining:9024 11@2:draining:14141 12@3:active:200669 	4 	24864
09:40:58	514	2824	3429	34		9@0:drained:60894 10@1:draining:9024 11@2:draining:14141 12@3:active:205380 	4 	25720
09:41:00	516	2824	3429	34		9@0:drained:60894 10@1:draining:9024 11@2:draining:14141 12@3:active:209561 	4 	24932
09:41:02	518	2824	3429	34		9@0:drained:60894 10@1:draining:9024 11@2:draining:14141 12@3:active:212060 	4 	25135
09:41:04	520	2824	3429	34		9@0:drained:60894 10@1:draining:9024 11@2:draining:14141 12@3:active:217782 	4 	25104
09:41:06	522	2824	3429	34		9@0:drained:60894 10@1:draining:9024 11@2:draining:14141 12@3:active:221908 	4 	25127
09:41:09	525	2824	3429	34		9@0:drained:60894 10@1:draining:9024 11@2:draining:14141 12@3:active:226024 	4 	26407
09:41:11	527	2824	3429	34		9@0:drained:60894 10@1:draining:9024 11@2:draining:14141 12@3:active:230100 	4 	25136
09:41:13	529	2824	3429	34		9@0:drained:60894 10@1:draining:9024 11@2:draining:14141 12@3:active:234099 	4 	26242
09:41:15	531	2824	3429	34		9@0:drained:60894 10@1:draining:9024 11@2:draining:14141 12@3:active:238370 	4 	26314
09:41:17	533	2824	3429	34		9@0:drained:60894 10@1:draining:9024 11@2:draining:14141 12@3:active:242497 	4 	25154
09:41:19	535	2824	3429	34		9@0:drained:60894 10@1:draining:9024 11@2:draining:14141 12@3:active:246604 	4 	26136
09:41:21	537	2824	3429	34		9@0:drained:60894 10@1:draining:9024 11@2:draining:14141 12@3:active:250739 	4 	25161
09:41:23	539	2824	3429	34		9@0:drained:60894 10@1:draining:9024 11@2:draining:14141 12@3:active:253623 	4 	25164
09:41:25	541	2824	3429	34		9@0:drained:60894 10@1:draining:9024 11@2:draining:14141 12@3:active:257775 	4 	25173
09:41:27	543	2824	3429	34		9@0:drained:60894 10@1:draining:9024 11@2:draining:14141 12@3:active:263080 	4 	26342
09:41:29	545	2824	3429	34		9@0:drained:60894 10@1:draining:9024 11@2:draining:14141 12@3:active:266616 	4 	26362
09:41:31	547	2824	3429	34		9@0:drained:60894 10@1:draining:9024 11@2:draining:14141 12@3:active:270051 	4 	25182
09:41:33	549	2824	3429	34		9@0:drained:60894 10@1:draining:9024 11@2:draining:14141 12@3:active:275413 	4 	25776
09:41:35	551	2824	3429	34		9@0:drained:60894 10@1:draining:9024 11@2:draining:14141 12@3:active:278844 	4 	25187
09:41:37	553	2824	3429	34		9@0:drained:60894 10@1:draining:9024 11@2:draining:14141 12@3:active:283158 	4 	25191
09:41:40	556	2824	3429	34		9@0:drained:60894 10@1:draining:9024 11@2:draining:14141 12@3:active:287702 	4 	25574
09:41:42	558	2824	3429	34		9@0:drained:60894 10@1:draining:9024 11@2:draining:14141 12@3:active:291844 	4 	24624
09:41:44	560	2824	3429	34		9@0:drained:60894 10@1:draining:9024 11@2:draining:14141 12@3:active:295981 	4 	24130
09:41:46	562	2824	3429	34		9@0:drained:60894 10@1:draining:9024 11@2:draining:14141 12@3:active:300077 	4 	24207
09:41:48	564	2824	3429	34		9@0:drained:60894 10@1:draining:9024 11@2:draining:14141 12@3:active:304190 	4 	24233
09:41:50	566	2824	3429	34		9@0:drained:60894 10@1:draining:9024 11@2:draining:14141 12@3:active:307655 	4 	24266
09:41:52	568	2921	3429	34		11@2:drained:14141 12@3:draining:310428 13@0:sealed:844 14@1:active:805 	4 	25047
09:41:54	570	2976	3429	34		11@2:drained:14141 12@3:draining:310428 13@0:draining:844 14@1:active:2272 	4 	25143
09:41:56	572	3288	3429	34		11@2:drained:14141 12@3:draining:310428 13@0:draining:844 14@1:active:4037 	4 	26375
09:41:58	574	3529	3529	34		11@2:drained:14141 12@3:draining:310428 13@0:draining:844 14@1:active:4496 	4 	25198
09:42:00	576	3618	3618	34		11@2:drained:14141 12@3:draining:310428 13@0:draining:844 14@1:active:5999 	4 	25243
09:42:03	579	3683	3683	34		11@2:drained:14141 12@3:draining:310428 13@0:draining:844 14@1:active:17647 	4 	25324
09:42:05	581	3683	3683	34		11@2:drained:14141 12@3:draining:310428 13@0:draining:844 14@1:active:23112 	4 	25976
09:42:07	583	3650	3682	34		11@2:drained:14141 12@3:draining:310428 13@0:draining:844 14@1:active:27576 	4 	26294
09:42:09	585	3650	3682	34		11@2:drained:14141 12@3:draining:310428 13@0:draining:844 14@1:active:33590 	4 	26595
09:42:11	587	3650	3682	34		11@2:drained:14141 12@3:draining:310428 13@0:drained:844 14@1:active:37488 	4 	18313
09:42:13	589	3482	3682	34		13@0:drained:844 14@1:draining:37488 15@2:active:0 	3 	17313
09:42:15	591	3482	3682	34		13@0:drained:844 14@1:draining:37488 15@2:active:0 	3 	17981
09:42:17	593	3482	3682	34		14@1:drained:37488 15@2:active:0 	2 	18332
09:42:19	595	2901	3682	18				60
# benchmark exited 09:42:21
